-- phpMyAdmin SQL Dump
-- version 4.8.5
-- https://www.phpmyadmin.net/
--
-- Host: mysql.top-frog.com
-- Generation Time: Jan 11, 2021 at 11:41 AM
-- Server version: 5.7.28-log
-- PHP Version: 7.1.22

SET SQL_MODE = "NO_AUTO_VALUE_ON_ZERO";
SET AUTOCOMMIT = 0;
START TRANSACTION;
SET time_zone = "+00:00";


/*!40101 SET @OLD_CHARACTER_SET_CLIENT=@@CHARACTER_SET_CLIENT */;
/*!40101 SET @OLD_CHARACTER_SET_RESULTS=@@CHARACTER_SET_RESULTS */;
/*!40101 SET @OLD_COLLATION_CONNECTION=@@COLLATION_CONNECTION */;
/*!40101 SET NAMES utf8mb4 */;

--
-- Database: `top_frog_comics`
--

-- --------------------------------------------------------

--
-- Table structure for table `comics`
--

DROP TABLE IF EXISTS `comics`;
CREATE TABLE IF NOT EXISTS `comics` (
  `id` int(11) UNSIGNED NOT NULL AUTO_INCREMENT,
  `title_id` int(11) NOT NULL DEFAULT '0',
  `issue_no` int(5) NOT NULL DEFAULT '0',
  `grade_id` tinyint(11) NOT NULL DEFAULT '0',
  `description` text CHARACTER SET utf8,
  PRIMARY KEY (`id`),
  KEY `title_id_refs_id_941a6ff2` (`title_id`),
  KEY `grade_id_refs_id_ded0c12b` (`grade_id`)
) ENGINE=InnoDB AUTO_INCREMENT=850 DEFAULT CHARSET=utf8mb4;

--
-- Dumping data for table `comics`
--

INSERT INTO `comics` (`id`, `title_id`, `issue_no`, `grade_id`, `description`) VALUES
(1, 1, 8, 2, ''),
(2, 1, 9, 2, ''),
(3, 5, 1, 3, ''),
(4, 5, 2, 3, ''),
(5, 5, 3, 3, ''),
(6, 5, 4, 3, ''),
(7, 6, 1, 3, ''),
(8, 6, 2, 3, ''),
(9, 6, 3, 3, ''),
(10, 6, 4, 3, ''),
(11, 2, 5, 3, ''),
(12, 2, 6, 3, ''),
(13, 3, 1, 3, ''),
(14, 3, 2, 3, ''),
(15, 3, 3, 3, ''),
(16, 3, 4, 3, ''),
(17, 7, 1, 3, 'TPB'),
(18, 4, 0, 3, 'compilation of stories from Dark Horse Presents'),
(19, 4, 1, 3, ''),
(20, 4, 2, 3, ''),
(21, 4, 3, 3, ''),
(22, 4, 4, 3, ''),
(23, 8, 17, 2, 'X-Men app.'),
(24, 8, 87, 3, 'Wolverine app.'),
(25, 8, 88, 3, 'Wolverine, Forge'),
(26, 8, 89, 3, 'Wolverine, Puck, Guardian Returns'),
(27, 8, 89, 3, 'Wolverine app.'),
(28, 8, 100, 3, ''),
(29, 9, 279, 3, 'Silver Sable'),
(30, 9, 280, 3, 'Silver Sable'),
(31, 9, 285, 3, 'Punisher app.'),
(32, 9, 286, 3, ''),
(33, 9, 288, 3, 'Last Gang War'),
(34, 9, 289, 3, 'Hobgoblin Revealed as Ned Leeds, Double Issue'),
(35, 9, 290, 3, 'Peter proposes to Mary-Jane'),
(36, 9, 291, 3, ''),
(37, 9, 292, 3, ''),
(38, 9, 293, 3, ''),
(39, 9, 294, 3, 'Death of Kraven'),
(40, 9, 295, 3, ''),
(41, 9, 296, 3, ''),
(42, 9, 298, 3, 'Chance, 1st Venom not in costume, Todd McFarlane art begins'),
(43, 9, 299, 3, 'Chance, 1st Venom app. in costume'),
(44, 9, 304, 3, ''),
(45, 9, 308, 3, ''),
(46, 9, 309, 3, ''),
(47, 9, 313, 3, ''),
(48, 9, 314, 3, ''),
(49, 9, 315, 3, 'Venom app.'),
(50, 9, 316, 3, 'Venom app.'),
(51, 9, 317, 3, 'Venom app.'),
(52, 9, 318, 3, 'The Scorpion'),
(53, 9, 320, 3, 'The AssasinNation Plot'),
(54, 9, 321, 3, 'The AssasinNation Plot'),
(55, 9, 322, 3, 'The AssasinNation Plot'),
(56, 9, 323, 3, 'The AssasinNation Plot, Capt. America app.'),
(57, 9, 324, 3, 'The AssasinNation Plot, Sabretooth app., McFarlane cover art only'),
(58, 9, 325, 3, 'The AssasinNation Plot, Capt. America, Silver Sable'),
(59, 9, 328, 3, 'The Hulk app., Last McFarlane Issue, Sebastian Shaw app.'),
(60, 9, 346, 3, 'Venom app.'),
(61, 9, 347, 3, 'Venom app.'),
(62, 10, 1, 3, ''),
(63, 11, 166, 4, ''),
(64, 12, 1, 3, 'Stories by: Moebius, Charles Vess, Paul Chadwick'),
(65, 13, 1, 3, 'TPB'),
(66, 14, 36, 3, 'Aliens vs. Predator'),
(67, 14, 42, 3, 'Aliens'),
(68, 14, 43, 3, 'Aliens'),
(69, 14, 46, 3, 'Predator'),
(70, 15, 1, 3, ''),
(71, 15, 0, 3, 'The Sword is Drawn'),
(72, 15, 0, 3, 'Mojo Mayhem'),
(73, 15, 2, 3, ''),
(74, 15, 3, 3, 'Juggernaut app.'),
(75, 15, 4, 3, ''),
(76, 15, 5, 3, ''),
(77, 15, 6, 3, 'Inferno'),
(78, 15, 7, 3, 'Inferno'),
(79, 15, 8, 3, ''),
(80, 15, 9, 3, ''),
(81, 15, 10, 3, ''),
(82, 15, 11, 3, ''),
(83, 15, 12, 3, 'Begin Cross Time Caper'),
(84, 15, 13, 3, 'Cross Time Caper'),
(85, 15, 14, 3, 'Cross Time Caper'),
(86, 15, 15, 3, 'Cross Time Caper'),
(87, 15, 16, 3, 'Cross Time Caper'),
(88, 15, 17, 3, 'Cross Time Caper'),
(89, 15, 18, 3, 'Cross Time Caper'),
(90, 15, 19, 3, 'Cross Time Caper'),
(91, 15, 20, 3, ''),
(92, 15, 21, 3, '1st Crusader-X'),
(93, 15, 22, 3, 'Iron Man app.'),
(94, 15, 23, 3, ''),
(95, 15, 24, 3, 'John Byrne (artist) app. in story'),
(96, 15, 25, 3, 'Galactus app.'),
(97, 15, 26, 3, ''),
(98, 15, 27, 3, ''),
(99, 15, 28, 3, ''),
(100, 15, 29, 3, ''),
(101, 15, 30, 3, ''),
(102, 16, 5, 5, 'Silver Surfer'),
(103, 17, 2, 5, ''),
(104, 18, 25, 3, 'TMNT app., Includes Trading Cards'),
(105, 18, 26, 3, 'TMNT app.'),
(106, 19, 19, 4, ''),
(107, 19, 22, 4, ''),
(108, 19, 27, 4, 'Origin of Snake-Eyes part 2'),
(109, 19, 29, 4, ''),
(110, 19, 31, 5, ''),
(111, 19, 32, 5, ''),
(112, 19, 33, 4, 'New Headquarters'),
(113, 19, 34, 4, ''),
(114, 19, 35, 4, ''),
(115, 19, 36, 4, ''),
(116, 19, 37, 4, ''),
(117, 19, 38, 4, ''),
(118, 19, 39, 4, ''),
(119, 19, 40, 4, ''),
(120, 19, 41, 4, ''),
(121, 19, 42, 4, ''),
(122, 19, 43, 4, ''),
(123, 19, 44, 4, ''),
(124, 19, 45, 4, ''),
(125, 19, 46, 4, ''),
(126, 19, 47, 4, ''),
(127, 19, 48, 4, ''),
(128, 19, 49, 4, ''),
(129, 19, 50, 4, 'Double Size, Intro Special Missions'),
(130, 19, 51, 4, ''),
(131, 19, 52, 4, ''),
(132, 19, 53, 4, ''),
(133, 19, 54, 4, ''),
(134, 19, 55, 4, ''),
(135, 19, 56, 4, ''),
(136, 19, 57, 4, ''),
(137, 19, 58, 4, ''),
(138, 19, 59, 4, '$1.00 cover price begins'),
(139, 19, 60, 4, 'Todd McFarlane art'),
(140, 19, 61, 4, ''),
(141, 19, 62, 4, ''),
(142, 19, 63, 4, ''),
(143, 19, 64, 4, ''),
(144, 19, 65, 4, ''),
(145, 19, 66, 4, ''),
(146, 19, 67, 4, ''),
(147, 21, 2, 3, 'with glasses'),
(148, 22, 1, 7, ''),
(149, 22, 3, 7, ''),
(150, 22, 4, 7, ''),
(151, 23, 1, 2, ''),
(152, 23, 2, 2, ''),
(153, 23, 3, 7, ''),
(154, 23, 4, 7, ''),
(155, 23, 5, 7, ''),
(156, 23, 6, 7, ''),
(157, 23, 7, 7, ''),
(158, 23, 8, 7, ''),
(159, 23, 10, 7, ''),
(160, 23, 14, 7, ''),
(161, 20, 1, 2, ''),
(162, 20, 2, 2, ''),
(163, 24, 3, 3, ''),
(164, 25, 0, 4, 'Water Damage (warping)\r\nTPB'),
(165, 26, 26, 3, 'X-Men crossover, Jim Lee cover art'),
(166, 26, 27, 3, 'X-Men crossover, Jim Lee cover art'),
(167, 26, 28, 3, 'Rise of the Midnight Sons, Bagged with poster, unopened'),
(168, 26, 29, 3, 'Wolverine & Beast app.'),
(169, 26, 30, 3, ''),
(170, 27, 2, 3, ''),
(171, 27, 3, 3, ''),
(172, 28, 0, 3, 'TPB'),
(173, 29, 11, 4, ''),
(174, 29, 17, 4, ''),
(175, 29, 18, 4, ''),
(176, 29, 19, 4, ''),
(177, 29, 20, 4, ''),
(178, 29, 21, 4, ''),
(179, 29, 22, 4, ''),
(180, 29, 23, 4, ''),
(181, 29, 24, 4, ''),
(182, 29, 25, 4, ''),
(183, 29, 26, 7, ''),
(184, 29, 27, 7, ''),
(185, 29, 28, 7, ''),
(186, 29, 29, 7, ''),
(187, 29, 30, 7, ''),
(188, 29, 35, 7, ''),
(189, 29, 38, 7, ''),
(190, 29, 44, 7, ''),
(191, 29, 47, 2, ''),
(192, 29, 52, 2, ''),
(193, 29, 53, 2, ''),
(194, 29, 54, 2, ''),
(195, 29, 55, 2, ''),
(196, 29, 58, 4, ''),
(197, 29, 59, 7, ''),
(198, 29, 74, 2, ''),
(199, 29, 75, 2, ''),
(200, 29, 77, 2, ''),
(201, 30, 1, 2, ''),
(202, 31, 1, 3, ''),
(203, 31, 3, 3, ''),
(204, 31, 4, 3, ''),
(205, 32, 1, 3, ''),
(206, 32, 2, 3, ''),
(207, 33, 5, 3, ''),
(208, 34, 3, 2, ''),
(209, 34, 4, 2, ''),
(210, 35, 340, 2, 'McFarlane art, Hulk vs. Wolverine'),
(211, 35, 342, 2, 'McFarlane art'),
(212, 35, 343, 2, 'McFarlane art'),
(213, 36, 1, 3, ''),
(214, 36, 2, 3, ''),
(215, 36, 3, 3, ''),
(216, 36, 4, 3, ''),
(217, 37, 1, 2, ''),
(218, 37, 2, 2, ''),
(219, 38, 1, 3, 'Flash app.'),
(220, 39, 2, 7, ''),
(221, 39, 4, 7, ''),
(222, 39, 5, 4, 'Slight water damage (warping - no ink damage)'),
(223, 40, 1, 3, ''),
(224, 40, 2, 3, ''),
(225, 40, 3, 3, ''),
(226, 40, 4, 3, ''),
(227, 40, 5, 3, ''),
(228, 40, 6, 3, ''),
(229, 41, 0, 4, 'Water Damage (warping)'),
(230, 42, 2, 2, ''),
(231, 42, 3, 2, ''),
(232, 42, 4, 2, ''),
(233, 43, 0, 2, 'Compilation of 6 part series'),
(234, 43, 3, 4, ''),
(235, 44, 3, 2, ''),
(236, 51, 0, 3, 'Time Parody, McFarlane cover'),
(237, 45, 24, 7, ''),
(238, 45, 25, 7, ''),
(239, 45, 28, 7, ''),
(240, 45, 29, 7, ''),
(241, 45, 32, 7, 'McFarlane cover art'),
(242, 45, 33, 7, ''),
(243, 45, 34, 7, ''),
(244, 45, 35, 7, ''),
(245, 45, 36, 7, ''),
(246, 45, 38, 7, ''),
(247, 45, 41, 2, ''),
(248, 45, 74, 2, 'Begin Weapon X'),
(249, 45, 75, 2, 'Weapon X'),
(250, 45, 76, 2, 'Weapon X'),
(251, 45, 77, 2, 'Weapon X'),
(252, 45, 78, 2, 'Weapon X'),
(253, 45, 79, 2, 'Weapon X'),
(254, 45, 80, 2, 'Weapon X'),
(255, 45, 81, 2, 'Weapon X'),
(256, 45, 82, 2, 'Weapon X'),
(257, 45, 83, 2, 'Weapon X'),
(258, 45, 84, 2, 'Weapon X'),
(259, 45, 85, 2, 'Wolverine - Sam Keith art'),
(260, 45, 86, 2, 'Wolverine - Sam Keith art'),
(261, 45, 87, 2, 'Wolverine - Sam Keith art'),
(262, 45, 88, 2, 'Wolverine - Sam Keith art'),
(263, 45, 89, 2, 'Wolverine - Sam Keith art'),
(264, 46, 51, 2, 'Silver Surfer'),
(265, 47, 0, 3, 'Giant Size X-Men #1, & X-Men #s 94-100'),
(266, 48, 0, 12, ''),
(267, 49, 2, 3, ''),
(268, 50, 8, 2, ''),
(269, 52, 1, 3, ''),
(270, 52, 2, 3, ''),
(271, 53, 3, 2, ''),
(272, 54, 14, 7, 'Atlantis Attacks'),
(273, 55, 384, 7, ''),
(274, 55, 411, 2, 'Juggernaut app., Acts of Vengence'),
(275, 56, 1, 5, ''),
(276, 57, 1, 12, 'Bagged'),
(277, 57, 1, 3, 'Open Bag'),
(278, 57, 2, 4, ''),
(279, 58, 2, 3, ''),
(280, 58, 7, 3, 'Kings of Pain'),
(281, 59, 22, 3, ''),
(282, 59, 23, 3, 'Cloak & Dagger app.'),
(283, 59, 24, 3, 'Cloak & Dagger app.'),
(284, 59, 25, 3, 'Cloak & Dagger app.'),
(285, 59, 33, 3, ''),
(286, 59, 42, 3, ''),
(287, 59, 43, 3, ''),
(288, 59, 44, 3, ''),
(289, 59, 56, 3, ''),
(290, 59, 57, 3, ''),
(291, 59, 59, 3, 'Fall of the Mutants'),
(292, 59, 60, 3, 'Fall of the Mutants, Double Size'),
(293, 59, 61, 3, 'Fall of the Mutants'),
(294, 59, 71, 3, 'Inferno'),
(295, 59, 72, 3, 'Inferno'),
(296, 59, 73, 3, 'Inferno'),
(297, 59, 93, 3, 'Cable vs. Wolverine'),
(298, 59, 94, 3, 'Cable vs. Wolverine'),
(299, 59, 95, 3, 'X-Tinction Agenda'),
(300, 59, 96, 3, 'X-Tinction Agenda'),
(301, 59, 97, 3, 'X-Tinction Agenda'),
(302, 59, 98, 3, ''),
(303, 59, 99, 3, ''),
(304, 59, 100, 3, '1st app. X-Force'),
(305, 60, 2, 4, ''),
(306, 61, 1, 2, ''),
(307, 62, 1, 3, ''),
(308, 62, 2, 3, ''),
(309, 62, 3, 3, ''),
(310, 62, 4, 3, ''),
(311, 63, 1, 3, ''),
(312, 63, 2, 3, ''),
(313, 63, 3, 3, ''),
(314, 63, 4, 3, ''),
(315, 63, 5, 3, ''),
(316, 63, 6, 3, ''),
(317, 63, 7, 3, ''),
(318, 63, 8, 3, ''),
(319, 63, 9, 3, ''),
(320, 63, 10, 3, ''),
(321, 63, 11, 3, ''),
(322, 63, 12, 3, ''),
(323, 63, 13, 3, ''),
(324, 63, 14, 3, ''),
(325, 63, 15, 3, ''),
(326, 63, 16, 3, ''),
(327, 64, 1, 2, ''),
(328, 65, 1, 3, ''),
(329, 65, 3, 3, ''),
(330, 65, 4, 3, ''),
(331, 66, 1, 2, ''),
(332, 67, 1, 2, ''),
(333, 68, 2, 2, ''),
(334, 69, 65, 4, ''),
(335, 69, 67, 4, ''),
(336, 69, 122, 4, ''),
(337, 69, 123, 4, ''),
(338, 69, 124, 4, ''),
(339, 69, 125, 4, ''),
(340, 70, 1, 3, '2nd Printing'),
(341, 70, 3, 3, ''),
(342, 70, 4, 3, ''),
(343, 71, 1, 3, ''),
(344, 71, 2, 3, ''),
(345, 71, 3, 3, ''),
(346, 71, 4, 3, ''),
(347, 72, 1, 3, ''),
(348, 73, 1, 3, ''),
(349, 73, 2, 3, ''),
(350, 73, 3, 3, ''),
(351, 73, 4, 3, ''),
(352, 74, 0, 3, 'African Saga'),
(353, 75, 1, 3, ''),
(354, 76, 1, 3, ''),
(355, 76, 2, 3, ''),
(356, 76, 3, 3, ''),
(357, 77, 1, 3, ''),
(358, 78, 1, 3, 'Tunnel Poster'),
(359, 78, 1, 3, 'Leaping - Group in Background Poster'),
(360, 78, 1, 3, 'Leaping - Long Coat Poster'),
(361, 78, 1, 3, 'Leaping - No Coat Poster'),
(362, 79, 1, 7, ''),
(363, 80, 1, 3, 'Silver & Black embossed cover'),
(364, 81, 7, 2, ''),
(365, 82, 1, 3, ''),
(366, 83, 1, 2, '1987 Series'),
(367, 83, 2, 2, ''),
(368, 83, 3, 2, ''),
(369, 83, 4, 2, ''),
(370, 83, 5, 2, ''),
(371, 83, 6, 2, ''),
(372, 83, 7, 2, ''),
(373, 83, 8, 2, ''),
(374, 83, 9, 2, ''),
(375, 83, 10, 2, ''),
(376, 83, 11, 2, ''),
(377, 83, 12, 2, ''),
(378, 83, 13, 2, ''),
(379, 83, 14, 2, ''),
(380, 83, 15, 2, ''),
(381, 83, 16, 2, ''),
(382, 83, 17, 2, ''),
(383, 83, 18, 2, ''),
(384, 83, 19, 2, ''),
(385, 83, 20, 2, ''),
(386, 83, 21, 2, ''),
(387, 83, 22, 2, ''),
(388, 83, 23, 3, ''),
(389, 83, 24, 3, ''),
(390, 83, 25, 3, 'Skrulls app.'),
(391, 83, 26, 3, ''),
(392, 83, 27, 3, ''),
(393, 83, 28, 3, ''),
(394, 83, 29, 3, ''),
(395, 83, 30, 3, ''),
(396, 83, 31, 3, ''),
(397, 83, 32, 3, ''),
(398, 83, 33, 3, ''),
(399, 83, 34, 3, 'Thanos Returns, Starlin scripts begin'),
(400, 83, 35, 3, 'Thanos app.'),
(401, 83, 36, 3, 'Capt. Marvel & Warlock app.'),
(402, 83, 37, 3, ''),
(403, 83, 38, 3, ''),
(404, 83, 39, 3, ''),
(405, 83, 40, 3, ''),
(406, 83, 41, 3, ''),
(407, 83, 42, 3, ''),
(408, 83, 43, 3, ''),
(409, 83, 44, 3, ''),
(410, 83, 45, 3, ''),
(411, 83, 46, 3, ''),
(412, 83, 47, 3, 'Warlock app.'),
(413, 83, 48, 3, ''),
(414, 83, 49, 3, ''),
(415, 83, 50, 3, 'Silver Embossed Cover, Thanos'),
(416, 83, 51, 3, ''),
(417, 83, 52, 3, ''),
(418, 83, 53, 3, ''),
(419, 83, 54, 3, ''),
(420, 83, 55, 3, ''),
(421, 83, 56, 3, ''),
(422, 83, 57, 3, ''),
(423, 83, 58, 3, ''),
(424, 83, 59, 3, ''),
(425, 83, 60, 3, ''),
(426, 83, 61, 3, ''),
(427, 83, 62, 3, ''),
(428, 83, 63, 3, ''),
(429, 83, 64, 3, ''),
(430, 83, 65, 3, ''),
(431, 83, 66, 3, ''),
(432, 83, 67, 3, ''),
(433, 83, 68, 3, ''),
(434, 83, 69, 3, ''),
(435, 83, 70, 3, ''),
(436, 83, 71, 3, ''),
(437, 83, 72, 3, ''),
(438, 84, 2, 3, 'Atlantis Attacks'),
(439, 84, 3, 3, 'Lifeform'),
(440, 84, 4, 3, 'Korvac Quest'),
(441, 85, 1, 3, '1st book'),
(442, 85, 2, 3, ''),
(443, 85, 3, 3, ''),
(444, 85, 9, 3, ''),
(445, 86, 127, 2, ''),
(446, 86, 129, 2, ''),
(447, 86, 131, 2, ''),
(448, 86, 132, 2, ''),
(449, 86, 133, 2, ''),
(450, 86, 134, 2, ''),
(451, 86, 135, 2, ''),
(452, 86, 136, 2, ''),
(453, 86, 137, 2, ''),
(454, 87, 1, 12, 'Silver Cover - No UPC - Unbagged'),
(455, 87, 1, 12, 'Green Cover - No UPC - Unbagged'),
(456, 87, 2, 3, ''),
(457, 87, 3, 3, ''),
(458, 87, 4, 3, ''),
(459, 87, 5, 3, ''),
(460, 87, 6, 3, ''),
(461, 87, 7, 3, ''),
(462, 87, 8, 3, ''),
(463, 87, 9, 3, ''),
(464, 87, 10, 3, ''),
(465, 87, 11, 3, ''),
(466, 87, 12, 3, ''),
(467, 87, 13, 3, ''),
(468, 87, 14, 3, ''),
(469, 87, 15, 3, ''),
(470, 87, 16, 3, ''),
(471, 87, 17, 3, ''),
(472, 87, 18, 3, ''),
(473, 87, 19, 3, ''),
(474, 87, 20, 3, ''),
(475, 88, 1, 12, 'Bagged, Ghost Rider & Blaze'),
(476, 88, 1, 12, 'Open Bag, Ghost Rider & Blaze'),
(477, 88, 2, 12, ''),
(478, 89, 1, 2, ''),
(479, 90, 1, 7, ''),
(480, 91, 1, 2, ''),
(481, 91, 2, 2, ''),
(482, 91, 3, 2, ''),
(483, 91, 4, 2, ''),
(484, 93, 1, 3, ''),
(485, 93, 2, 3, ''),
(486, 94, 1, 3, ''),
(487, 94, 2, 3, ''),
(488, 94, 3, 3, ''),
(489, 95, 1, 3, 'Matt Wagner art'),
(490, 96, 1, 3, ''),
(491, 96, 2, 3, ''),
(492, 96, 3, 3, ''),
(493, 96, 4, 3, ''),
(494, 97, 1, 3, ''),
(495, 97, 2, 3, ''),
(496, 97, 3, 3, ''),
(497, 97, 4, 3, ''),
(498, 92, 15, 2, ''),
(499, 98, 1, 3, ''),
(500, 98, 2, 3, ''),
(501, 98, 3, 3, ''),
(502, 98, 4, 3, ''),
(503, 98, 5, 3, ''),
(504, 99, 1, 3, ''),
(505, 99, 2, 3, ''),
(506, 99, 3, 3, ''),
(507, 99, 4, 3, ''),
(508, 100, 1, 3, ''),
(509, 100, 2, 3, ''),
(510, 101, 2, 7, '3rd Edition'),
(511, 102, 13, 4, 'Atlantis Attacks'),
(512, 102, 14, 4, 'Days of Future Present crossover'),
(513, 102, 15, 4, 'Kings of Pain crossover'),
(514, 103, 0, 4, 'Days of Future Past'),
(515, 103, 0, 2, 'Asgardian Wars'),
(516, 103, 0, 2, 'The Phoenix Saga'),
(517, 103, 0, 2, 'The Savage Land'),
(518, 103, 19, 4, '1st app. The Mimic'),
(519, 103, 42, 4, ''),
(520, 103, 104, 4, 'Magneto, intro Starjammers'),
(521, 103, 105, 4, ''),
(522, 103, 106, 4, ''),
(523, 103, 121, 4, '1st Alpha Flight'),
(524, 103, 133, 4, 'Wolverine app.'),
(525, 103, 135, 4, ''),
(526, 103, 136, 4, ''),
(527, 103, 137, 4, 'Death of Phoenix'),
(528, 103, 140, 4, 'Alpha Flight app.'),
(529, 103, 141, 4, 'Days of Future Past'),
(530, 103, 142, 4, 'Days of Future Past'),
(531, 103, 143, 4, 'Last Byrne Issue'),
(532, 103, 144, 4, 'Man-Thing app'),
(533, 103, 145, 4, 'Dr. Doom'),
(534, 103, 149, 4, ''),
(535, 103, 150, 4, 'Double Issue'),
(536, 103, 151, 4, ''),
(537, 103, 152, 4, ''),
(538, 103, 153, 4, ''),
(539, 103, 154, 4, ''),
(540, 103, 155, 4, ''),
(541, 103, 156, 4, ''),
(542, 103, 157, 4, ''),
(543, 103, 158, 4, '1st Rogue in X-Men'),
(544, 103, 159, 4, ''),
(545, 103, 160, 4, ''),
(546, 103, 161, 4, 'Origin Magneto'),
(547, 103, 162, 4, 'Wolverine solo story'),
(548, 103, 163, 4, 'Origin Binary'),
(549, 103, 164, 4, '1st app. Binary as Carol Danvers'),
(550, 103, 165, 4, ''),
(551, 103, 166, 4, 'Double Size'),
(552, 103, 167, 4, 'New Mutants crossover'),
(553, 103, 168, 4, '1st Madelyne Pryor in X-Men'),
(554, 103, 169, 4, ''),
(555, 103, 170, 4, ''),
(556, 103, 171, 4, 'Rogue Joins the X-Men'),
(557, 103, 172, 4, 'Wolverine 2 part (part 1)'),
(558, 103, 173, 4, 'Wolverine 2 part (part 2)'),
(559, 103, 174, 4, 'Phoenix Cameo'),
(560, 103, 175, 4, 'Phoenix Returns'),
(561, 103, 176, 4, ''),
(562, 103, 177, 4, ''),
(563, 103, 178, 4, ''),
(564, 103, 179, 4, ''),
(565, 103, 180, 4, ''),
(566, 103, 181, 4, 'Sunfire app.'),
(567, 103, 182, 4, 'Rogue solo story'),
(568, 103, 183, 4, ''),
(569, 103, 184, 4, ''),
(570, 103, 185, 4, ''),
(571, 103, 186, 4, 'Double Size'),
(572, 103, 187, 4, ''),
(573, 103, 188, 4, ''),
(574, 103, 189, 4, ''),
(575, 103, 190, 4, 'Spider-Man/Avengers crossover'),
(576, 103, 191, 4, 'Spider-Man/Avengers crossover'),
(577, 103, 192, 4, ''),
(578, 103, 193, 4, 'Double Size, 100th app. New X-Men'),
(579, 103, 194, 4, ''),
(580, 103, 195, 4, 'Power Pack crossover'),
(581, 103, 196, 4, ''),
(582, 103, 197, 4, ''),
(583, 103, 198, 4, ''),
(584, 103, 199, 4, ''),
(585, 103, 200, 4, 'Double Size'),
(586, 103, 201, 4, ''),
(587, 103, 202, 4, ''),
(588, 103, 203, 4, ''),
(589, 103, 204, 4, 'Nightcrawler solo story'),
(590, 103, 205, 4, 'Wolverine solo story. Barry Smith art'),
(591, 103, 206, 4, ''),
(592, 103, 207, 4, ''),
(593, 103, 208, 4, ''),
(594, 103, 209, 4, ''),
(595, 103, 210, 4, 'Mutant Massacre'),
(596, 103, 211, 4, 'Mutant Massacre'),
(597, 103, 212, 4, 'Mutant Massacre'),
(598, 103, 213, 4, 'Mutant Massacre, Wolverine vs. Sabretooth'),
(599, 103, 214, 4, ''),
(600, 103, 215, 4, ''),
(601, 103, 216, 4, ''),
(602, 103, 217, 4, ''),
(603, 103, 218, 4, ''),
(604, 103, 219, 4, 'Havok joins the X-Men'),
(605, 103, 220, 4, ''),
(606, 103, 221, 4, ''),
(607, 103, 222, 4, 'Wolverine vs. Sabretooth'),
(608, 103, 223, 4, ''),
(609, 103, 224, 4, ''),
(610, 103, 225, 4, 'Fall of the Mutants'),
(611, 103, 226, 4, 'Fall of the Mutants, Double Issue'),
(612, 103, 227, 4, 'Fall of the Mutants'),
(613, 103, 228, 4, ''),
(614, 103, 229, 4, '$1.00 cover price begins'),
(615, 103, 230, 4, ''),
(616, 103, 231, 4, ''),
(617, 103, 232, 4, ''),
(618, 103, 233, 4, ''),
(619, 103, 234, 4, ''),
(620, 103, 235, 4, ''),
(621, 103, 236, 4, ''),
(622, 103, 237, 4, ''),
(623, 103, 238, 4, ''),
(624, 103, 239, 4, 'Inferno'),
(625, 103, 240, 4, 'Inferno,  Sabretooth'),
(626, 103, 241, 4, 'Inferno'),
(627, 103, 242, 4, 'Inferno, Double Size, X-Factor app'),
(628, 103, 243, 4, 'Inferno'),
(629, 103, 244, 4, ''),
(630, 103, 245, 4, 'Liefeld art'),
(631, 103, 246, 4, ''),
(632, 103, 247, 4, 'Rogue into Seige Perilous'),
(633, 103, 248, 4, 'Death of Storm, 1st Jim Lee art'),
(634, 103, 249, 4, ''),
(635, 103, 250, 4, ''),
(636, 103, 251, 4, ''),
(637, 103, 252, 4, ''),
(638, 103, 253, 4, 'Return of Forge, all new X-Men begin'),
(639, 103, 254, 4, ''),
(640, 103, 255, 4, ''),
(641, 103, 256, 4, 'Acts of Vengence. Return of Psylocke, Jim Lee art'),
(642, 103, 257, 4, 'Acts of Vengence, Jim Lee art'),
(643, 103, 258, 4, 'Acts of Vengence, Wolverine solo story, Jim Lee art'),
(644, 103, 259, 4, 'Jim Lee art'),
(645, 103, 260, 4, ''),
(646, 103, 261, 4, ''),
(647, 103, 262, 4, ''),
(648, 103, 263, 4, ''),
(649, 103, 264, 4, ''),
(650, 103, 265, 4, 'Storm Returns'),
(651, 103, 266, 4, ''),
(652, 103, 267, 4, 'Jim Lee art'),
(653, 103, 268, 4, 'Captain America, Black Widow, Jim Lee art'),
(654, 103, 269, 4, 'Jim Lee art'),
(655, 103, 270, 4, 'X-Tinction Agenda'),
(656, 103, 271, 4, 'X-Tinction Agenda'),
(657, 103, 272, 4, 'X-Tinction Agenda'),
(658, 103, 273, 4, 'New Mutants & Cable app.'),
(659, 103, 274, 4, ''),
(660, 103, 275, 4, ''),
(661, 103, 276, 4, ''),
(662, 103, 277, 4, ''),
(663, 103, 278, 4, 'The Muir Island Saga'),
(664, 103, 279, 4, 'The Muir Island Saga'),
(665, 103, 280, 4, 'The Muir Island Saga'),
(666, 103, 281, 4, ''),
(667, 103, 282, 4, '1st Bishop'),
(668, 103, 283, 4, ''),
(669, 103, 284, 4, ''),
(670, 103, 285, 4, ''),
(671, 103, 286, 4, ''),
(672, 103, 287, 4, ''),
(673, 103, 288, 4, ''),
(674, 103, 289, 4, ''),
(675, 103, 290, 4, ''),
(676, 103, 291, 4, 'Morelocks, Callisto'),
(677, 103, 292, 4, ''),
(678, 103, 293, 4, ''),
(679, 104, 6, 4, ''),
(680, 104, 7, 4, ''),
(681, 104, 8, 4, ''),
(682, 104, 9, 4, ''),
(683, 104, 10, 4, ''),
(684, 104, 11, 4, ''),
(685, 104, 12, 4, ''),
(686, 104, 13, 4, ''),
(687, 105, 1, 3, 'Includes Trading Cards'),
(688, 105, 2, 3, ''),
(689, 105, 3, 3, 'Includes Trading Cards'),
(690, 105, 4, 3, ''),
(691, 105, 5, 3, ''),
(692, 106, 19, 4, ''),
(693, 107, 9, 7, ''),
(694, 107, 11, 7, ''),
(695, 107, 12, 7, ''),
(696, 108, 18, 2, 'Missing in Action'),
(697, 108, 29, 7, 'Wolverine app.'),
(698, 108, 30, 7, ''),
(699, 108, 31, 2, 'Kraven Saga'),
(700, 108, 32, 2, 'Kraven Saga'),
(701, 108, 33, 2, ''),
(702, 108, 34, 2, ''),
(703, 108, 35, 2, ''),
(704, 108, 36, 2, ''),
(705, 108, 37, 2, ''),
(706, 109, 3, 2, ''),
(707, 110, 6, 2, ''),
(708, 110, 7, 2, ''),
(709, 110, 8, 2, ''),
(710, 110, 9, 2, ''),
(711, 110, 10, 2, ''),
(712, 110, 11, 2, ''),
(713, 110, 12, 2, ''),
(714, 110, 13, 2, ''),
(715, 110, 14, 2, ''),
(716, 110, 15, 2, ''),
(717, 110, 16, 2, ''),
(718, 110, 17, 2, ''),
(719, 110, 18, 2, ''),
(720, 110, 19, 2, ''),
(721, 110, 20, 2, ''),
(722, 110, 21, 2, ''),
(723, 111, 35, 7, ''),
(724, 111, 45, 5, ''),
(725, 112, 7, 7, ''),
(726, 113, 1, 3, 'Jim Lee art (2 copies)'),
(727, 114, 0, 3, 'The Jungle Adventure'),
(728, 114, 0, 2, 'Compilation of 4 part mini-series, Fourth Printing'),
(729, 114, 3, 3, ''),
(730, 114, 6, 3, 'McFarlane back cover'),
(731, 114, 7, 3, 'Hulk'),
(732, 114, 8, 3, 'Hulk'),
(733, 114, 9, 3, ''),
(734, 114, 10, 3, 'Sabretooth app. with Wolverine before claws'),
(735, 114, 11, 3, 'The Gehenna Stone Affair, new costume'),
(736, 114, 12, 3, 'The Gehenna Stone Affair'),
(737, 114, 13, 3, 'The Gehenna Stone Affair'),
(738, 114, 14, 3, 'The Gehenna Stone Affair'),
(739, 114, 15, 3, 'The Gehenna Stone Affair'),
(740, 114, 16, 3, 'The Gehenna Stone Affair'),
(741, 114, 17, 3, ''),
(742, 114, 18, 3, ''),
(743, 114, 19, 3, 'Acts of Vengence'),
(744, 114, 20, 3, 'Acts of Vengence'),
(745, 114, 21, 3, ''),
(746, 114, 22, 3, ''),
(747, 114, 23, 3, ''),
(748, 114, 24, 3, ''),
(749, 114, 25, 3, ''),
(750, 114, 26, 3, ''),
(751, 114, 27, 3, 'Lazarus Project'),
(752, 114, 28, 3, 'Lazarus Project'),
(753, 114, 29, 3, 'Lazarus Project'),
(754, 114, 30, 3, 'Lazarus Project'),
(755, 114, 31, 3, ''),
(756, 114, 32, 3, ''),
(757, 114, 33, 3, ''),
(758, 114, 34, 3, ''),
(759, 114, 35, 3, 'Blood & Claws. Puck, Lady Deathstrike'),
(760, 114, 36, 3, 'Blood & Claws'),
(761, 114, 37, 3, 'Blood & Claws'),
(762, 114, 38, 3, ''),
(763, 114, 39, 3, 'Storm'),
(764, 114, 40, 3, ''),
(765, 114, 41, 3, 'Cable, Sabretooth revealed as Wolverine’s father'),
(766, 114, 42, 3, 'Sabretooth, Cable'),
(767, 114, 43, 3, ''),
(768, 114, 44, 3, ''),
(769, 114, 45, 3, 'Sabretooth, Lady Deathstrike'),
(770, 114, 46, 3, 'Sabretooth'),
(771, 114, 47, 3, ''),
(772, 114, 48, 3, ''),
(773, 114, 49, 3, 'Shiva Scenario - Continues Weapon X'),
(774, 115, 1, 3, ''),
(775, 115, 2, 3, ''),
(776, 115, 3, 3, ''),
(777, 115, 4, 3, ''),
(778, 116, 1, 3, ''),
(779, 117, 1, 2, ''),
(780, 117, 2, 2, ''),
(781, 117, 3, 2, ''),
(782, 117, 4, 2, ''),
(783, 117, 5, 2, ''),
(784, 118, 4, 7, ''),
(785, 119, 24, 2, 'Fall of the Mutants'),
(786, 119, 25, 2, 'Fall of the Mutants'),
(787, 119, 26, 2, 'Fall of the Mutants'),
(788, 119, 36, 2, 'Inferno'),
(789, 119, 37, 2, 'Inferno'),
(790, 119, 38, 2, 'Inferno'),
(791, 119, 39, 2, 'Inferno'),
(792, 119, 60, 2, 'X-Tinction Agenda'),
(793, 119, 61, 2, 'X-Tinction Agenda'),
(794, 119, 62, 2, 'X-Tinction Agenda'),
(795, 119, 69, 2, 'The Muir Island Saga'),
(796, 119, 70, 2, 'The Muir Island Saga'),
(797, 119, 71, 2, 'The New X-Factor'),
(798, 119, 72, 2, ''),
(799, 120, 4, 2, 'Atlantis Attacks'),
(800, 121, 0, 2, 'Prisoner of Love'),
(801, 122, 1, 2, 'X-Force Parody'),
(802, 123, 1, 3, 'Bagged - Cable Trading Card'),
(803, 123, 1, 3, 'Bagged - Shatterstar Trading Card'),
(804, 123, 1, 3, 'Bagged - Deadpool Trading Card'),
(805, 123, 1, 3, 'Bagged - Sunspot & Gideon Trading Card'),
(806, 123, 1, 3, 'Bagged - Group Trading Card'),
(807, 123, 1, 3, 'Bagged (open) - Deadpool Trading Card'),
(808, 123, 2, 3, ''),
(809, 123, 3, 3, 'Juggernaut app.'),
(810, 123, 4, 3, 'Spiderman app.'),
(811, 123, 5, 3, 'Brotherhood of Evil Mutants'),
(812, 123, 6, 3, ''),
(813, 123, 7, 3, ''),
(814, 123, 8, 3, ''),
(815, 123, 9, 3, ''),
(816, 123, 10, 3, ''),
(817, 123, 11, 3, ''),
(818, 123, 12, 3, ''),
(819, 123, 13, 3, ''),
(820, 123, 14, 3, ''),
(821, 126, 1, 3, 'Magneto Cover'),
(822, 126, 1, 3, 'Wolverine, Iceman & Cyclops cover'),
(823, 126, 1, 3, 'Collosus, Rogue, Psylocke & Gambit Cover'),
(824, 126, 1, 3, 'Storm, Jean Grey, ArcAngel, Beast & Professor X cover'),
(825, 126, 1, 3, 'Foldout cover'),
(826, 126, 2, 3, ''),
(827, 126, 3, 3, ''),
(828, 126, 4, 3, 'Omega Red'),
(829, 126, 5, 3, ''),
(830, 126, 6, 3, 'Sabretooth app.'),
(831, 126, 7, 3, ''),
(832, 126, 8, 3, 'Bishop app., Ghost Rider app.'),
(833, 126, 9, 3, 'Ghost Rider app.'),
(834, 126, 10, 3, 'Longshot'),
(835, 126, 11, 3, ''),
(836, 126, 12, 3, ''),
(837, 126, 13, 3, ''),
(838, 124, 1, 2, 'Asgardian Wars'),
(839, 124, 2, 2, 'Asgardian Wars'),
(840, 127, 4, 3, ''),
(841, 127, 31, 3, ''),
(842, 127, 34, 3, ''),
(843, 125, 1, 7, ''),
(844, 125, 2, 7, ''),
(845, 125, 3, 7, ''),
(846, 125, 4, 7, ''),
(847, 127, 1, 3, '1st Printing'),
(848, 127, 1, 3, '2nd Printing - Gold border cover'),
(849, 127, 2, 3, '2nd Printing - Gold border cover');

-- --------------------------------------------------------

--
-- Table structure for table `grades`
--

DROP TABLE IF EXISTS `grades`;
CREATE TABLE IF NOT EXISTS `grades` (
  `id` int(11) UNSIGNED NOT NULL AUTO_INCREMENT,
  `abbr` varchar(10) CHARACTER SET utf8 NOT NULL DEFAULT '',
  `name` varchar(255) CHARACTER SET utf8 NOT NULL DEFAULT '',
  `score` float NOT NULL,
  PRIMARY KEY (`id`)
) ENGINE=InnoDB AUTO_INCREMENT=19 DEFAULT CHARSET=utf8mb4;

--
-- Dumping data for table `grades`
--

INSERT INTO `grades` (`id`, `abbr`, `name`, `score`) VALUES
(2, 'VF', 'Very Fine', 8),
(3, 'NM', 'Near Mint', 9.4),
(4, 'G', 'Good', 2),
(5, 'VG', 'Very Good', 4),
(7, 'FN', 'Fine', 6),
(12, 'M', 'Mint', 10),
(17, 'P', 'Poor', 0.5),
(18, 'FA', 'Fair', 1);

-- --------------------------------------------------------

--
-- Table structure for table `publishers`
--

DROP TABLE IF EXISTS `publishers`;
CREATE TABLE IF NOT EXISTS `publishers` (
  `id` int(11) UNSIGNED NOT NULL AUTO_INCREMENT,
  `name` varchar(255) CHARACTER SET utf8 DEFAULT NULL,
  `url` varchar(255) CHARACTER SET utf8 DEFAULT NULL,
  PRIMARY KEY (`id`)
) ENGINE=InnoDB AUTO_INCREMENT=10 DEFAULT CHARSET=utf8mb4;

--
-- Dumping data for table `publishers`
--

INSERT INTO `publishers` (`id`, `name`, `url`) VALUES
(1, 'Marvel', 'http://marvel.com'),
(2, 'DC Comics', 'http://www.dccomics.com'),
(3, 'Dark Horse Comics', 'http://www.darkhorse.com'),
(4, 'Image Comics', 'http://www.imagecomics.com'),
(5, 'Chaos Comics', 'http://www.chaoscomics.com'),
(6, 'Crusade Comics', 'http://www.crusadefinearts.com/'),
(7, 'Viz Media', 'http://www.viz.com'),
(8, 'New England Comics', 'http://www.newenglandcomics.com'),
(9, 'Now Comics', 'http://www.nowcomics.com');

-- --------------------------------------------------------

--
-- Table structure for table `titles`
--

DROP TABLE IF EXISTS `titles`;
CREATE TABLE IF NOT EXISTS `titles` (
  `id` int(11) UNSIGNED NOT NULL AUTO_INCREMENT,
  `name` varchar(255) CHARACTER SET utf8 DEFAULT NULL,
  `publisher_id` int(11) NOT NULL DEFAULT '0',
  `url` varchar(255) CHARACTER SET utf8 DEFAULT NULL,
  `issues` int(11) DEFAULT NULL,
  `year` int(11) DEFAULT NULL,
  `volume` int(11) DEFAULT NULL,
  PRIMARY KEY (`id`),
  KEY `disti` (`publisher_id`)
) ENGINE=InnoDB AUTO_INCREMENT=129 DEFAULT CHARSET=utf8mb4;

--
-- Dumping data for table `titles`
--

INSERT INTO `titles` (`id`, `name`, `publisher_id`, `url`, `issues`, `year`, `volume`) VALUES
(1, 'Alien Legion', 1, '', NULL, NULL, NULL),
(2, 'Aliens', 3, '', 6, NULL, 1),
(3, 'Aliens', 3, '', 4, NULL, 2),
(4, 'Aliens vs. Predator', 3, '', 4, NULL, NULL),
(5, 'Aliens: Earth War', 3, '', 4, NULL, NULL),
(6, 'Aliens: Genocide', 3, '', 4, NULL, NULL),
(7, 'Aliens: Newts Tale', 3, '', 2, NULL, NULL),
(8, 'Alpha Flight', 1, '', NULL, NULL, NULL),
(9, 'Amazing Spider-Man', 1, '', NULL, NULL, NULL),
(10, 'Brigade', 4, '', NULL, NULL, NULL),
(11, 'Captain America & Falcon', 1, '', NULL, NULL, NULL),
(12, 'Concrete: Earth Day', 3, '', 1, NULL, NULL),
(13, 'Concrete: Fragile Creature', 3, '', NULL, NULL, NULL),
(14, 'Dark Horse Presents', 3, '', NULL, NULL, NULL),
(15, 'Excalibur', 1, NULL, NULL, NULL, NULL),
(16, 'Fantasy Masterpieces', 1, NULL, NULL, NULL, NULL),
(17, 'Fathom', 4, NULL, NULL, NULL, NULL),
(18, 'Flaming Carrot', 4, NULL, NULL, NULL, NULL),
(19, 'G.I. Joe', 1, '', NULL, NULL, NULL),
(20, 'G.I. Joe & Transformers', 1, '', NULL, NULL, NULL),
(21, 'G.I. Joe 3-D', 1, '', NULL, NULL, NULL),
(22, 'G.I. Joe Order of Battle', 1, '', 4, NULL, NULL),
(23, 'G.I. Joe Special Missions', 1, '', NULL, NULL, NULL),
(24, 'G.I. Joe Yearbook', 1, '', NULL, NULL, NULL),
(25, 'Gambit', 1, '', 4, NULL, NULL),
(26, 'Ghost Rider', 1, '', NULL, NULL, NULL),
(27, 'Grendel Tales', 3, '', 3, NULL, NULL),
(28, 'Grendel: War Child', 3, '', 10, NULL, NULL),
(29, 'Groo the Wanderer', 1, '', NULL, NULL, NULL),
(30, 'Hard Boiled', 3, '', NULL, NULL, NULL),
(31, 'Havok & Wolverine', 1, '', 4, NULL, NULL),
(32, 'History of the DC Universe', 2, '', NULL, NULL, NULL),
(33, 'Icarus', 1, '', NULL, NULL, NULL),
(34, 'Iceman', 1, '', 4, 1985, NULL),
(35, 'Incredible Hulk, The', 1, '', NULL, NULL, NULL),
(36, 'Infinity Gauntlet, The', 1, '', 4, NULL, NULL),
(37, 'Justice League Europe', 2, '', NULL, NULL, NULL),
(38, 'Justice Society of America', 2, '', NULL, NULL, NULL),
(39, 'Kitty Pride & Wolverine', 1, '', 6, NULL, NULL),
(40, 'Knights of Pendragon', 1, '', 18, NULL, 1),
(41, 'Lady Death: Between Heaven & Hell', 5, '', 4, 1995, NULL),
(42, 'Lady Death: The Odyssey', 5, '', 4, NULL, NULL),
(43, 'Longshot', 1, '', 6, NULL, NULL),
(44, 'Magik', 1, '', 4, 1983, NULL),
(45, 'Marvel Comics Presents', 1, '', NULL, NULL, NULL),
(46, 'Marvel Fanfare', 1, '', NULL, NULL, NULL),
(47, 'Marvel Masterworks', 1, '', NULL, NULL, NULL),
(48, 'Marvel Milestone Edition', 1, '', NULL, NULL, NULL),
(49, 'Marvel Super-Heroes Summer Special', 1, '', NULL, NULL, NULL),
(50, 'Marvel Universe', 1, '', NULL, NULL, NULL),
(51, 'Marvel: 1989 Year in Review', 1, '', NULL, NULL, NULL),
(52, 'Mask, The', 3, '', 4, NULL, NULL),
(53, 'Mephisto vs. The X-Men', 1, '', NULL, NULL, NULL),
(54, 'Mighty Thor Annual, The', 1, '', NULL, NULL, NULL),
(55, 'Mighty Thor, The', 1, '', NULL, NULL, NULL),
(56, 'Mister Miracle', 2, '', NULL, NULL, NULL),
(57, 'Morbius', 1, '', NULL, NULL, NULL),
(58, 'New Mutants Annual', 1, '', NULL, NULL, NULL),
(59, 'New Mutants, The', 1, '', NULL, NULL, NULL),
(60, 'New Teen Titans Annual', 1, '', NULL, NULL, NULL),
(61, 'Night Thrasher', 1, '', 4, NULL, NULL),
(62, 'Nightcrawler', 1, '', 4, NULL, NULL),
(63, 'Nth Man', 1, '', NULL, NULL, NULL),
(64, 'Obnoxio the Clown vs. The X-Men', 1, '', 1, NULL, NULL),
(65, 'Open Space', 1, '', NULL, NULL, NULL),
(66, 'Paul the Samurai', 8, '', NULL, NULL, NULL),
(67, 'Phoenix: The Untold Story', 1, '', 1, NULL, NULL),
(68, 'Pitt', 4, '', NULL, NULL, NULL),
(69, 'Power Man & Iron Fist', 1, '', NULL, NULL, NULL),
(70, 'Predator', 3, '', 4, NULL, NULL),
(71, 'Predator: Big Game', 3, '', 4, NULL, NULL),
(72, 'Predator: Bloody Sands of Time', 3, '', 2, NULL, NULL),
(73, 'Predator: Cold War', 3, '', 4, NULL, NULL),
(74, 'Punisher & Wolverine', 1, '', NULL, NULL, NULL),
(75, 'Purgatori: Prelude', 5, '', NULL, NULL, NULL),
(76, 'Ranma 1/2', 7, '', NULL, NULL, NULL),
(77, 'Robocop vs. Terminator', 3, '', 4, NULL, NULL),
(78, 'Savage Dragon', 4, '', NULL, NULL, NULL),
(79, 'Secret Wars', 1, '', NULL, NULL, NULL),
(80, 'Shadow Hawk', 4, '', NULL, NULL, NULL),
(81, 'Shi', 6, '', NULL, NULL, NULL),
(82, 'Shi & Cyblade', 6, '', NULL, NULL, NULL),
(83, 'Silver Surfer', 1, '', NULL, NULL, NULL),
(84, 'Silver Surfer Annual', 1, '', NULL, NULL, NULL),
(85, 'Spawn', 4, '', NULL, NULL, NULL),
(86, 'Spectacular Spider-Man', 1, '', NULL, NULL, NULL),
(87, 'Spider-Man', 1, '', NULL, NULL, NULL),
(88, 'Spirits of Vengence', 1, '', NULL, NULL, NULL),
(89, 'Stormwatch', 4, '', NULL, NULL, NULL),
(90, 'Supercops', 9, '', NULL, NULL, NULL),
(91, 'Tempus Fugitive', 2, '', 4, NULL, NULL),
(92, 'Terminator, The', 9, '', NULL, NULL, NULL),
(93, 'Terminator: All my Futures Past', 9, '', 2, NULL, NULL),
(94, 'Terminator: Hunters and Killers', 3, '', 3, NULL, NULL),
(95, 'Terminator: One Shot', 3, '', 1, NULL, NULL),
(96, 'Terminator: Secondary Objectives', 3, '', 4, NULL, NULL),
(97, 'Terminator: Tempest', 3, '', 4, NULL, NULL),
(98, 'Terminator: The Burning Earth', 9, '', 5, NULL, NULL),
(99, 'Terminator: The Enemy Within', 3, '', 4, NULL, NULL),
(100, 'Thanos Quest', 1, '', 2, NULL, NULL),
(101, 'Tick, The', 8, '', NULL, NULL, NULL),
(102, 'Uncanny X-Men Annual', 1, NULL, NULL, NULL, NULL),
(103, 'Uncanny X-Men, The', 1, 'http://marvel.com/comic_books/browse/comic_series/2258/uncanny_x-men_1963_-_2011', NULL, NULL, NULL),
(104, 'V: The Visitors are our Friends', 2, '', NULL, NULL, NULL),
(105, 'Venus Wars', 3, '', NULL, NULL, NULL),
(106, 'Vigilante', 2, '', NULL, NULL, NULL),
(107, 'Watchmen', 2, '', 12, NULL, NULL),
(108, 'Web of Spider-Man', 1, '', NULL, NULL, NULL),
(109, 'Web of Spider-Man Annual', 1, '', NULL, NULL, NULL),
(110, 'What If', 1, '', NULL, NULL, 2),
(111, 'What If ', 1, '', NULL, NULL, 1),
(112, 'Where Creatures Roam', 1, '', NULL, NULL, NULL),
(113, 'WildC.A.T.S.', 4, '', NULL, NULL, NULL),
(114, 'Wolverine', 1, '', NULL, NULL, NULL),
(115, 'Wolverine Saga, The', 1, '', NULL, NULL, NULL),
(116, 'Wonder Man', 1, '', NULL, NULL, NULL),
(117, 'World Without End', 2, '', 6, NULL, NULL),
(118, 'Worlds Unknown', 1, '', NULL, NULL, NULL),
(119, 'X-Factor', 1, NULL, NULL, NULL, NULL),
(120, 'X-Factor Annual', 1, NULL, NULL, NULL, NULL),
(121, 'X-Factor Special', 1, NULL, NULL, NULL, NULL),
(122, 'X-Farce', 1, NULL, NULL, NULL, NULL),
(123, 'X-Force', 1, NULL, NULL, NULL, NULL),
(124, 'X-Men & Alpha Flight', 1, '', 4, NULL, NULL),
(125, 'X-Men & the Micronauts', 1, '', 4, NULL, NULL),
(126, 'X-Men', 1, '', NULL, 1991, NULL),
(127, 'X-Men, Classic', 1, NULL, NULL, NULL, NULL),
(128, 'Youngblood', 4, '', NULL, NULL, NULL);
COMMIT;

/*!40101 SET CHARACTER_SET_CLIENT=@OLD_CHARACTER_SET_CLIENT */;
/*!40101 SET CHARACTER_SET_RESULTS=@OLD_CHARACTER_SET_RESULTS */;
/*!40101 SET COLLATION_CONNECTION=@OLD_COLLATION_CONNECTION */;
